{"client":"Thunder Client","collectionName":"Libros","dateExported":"2022-10-31T19:30:57.963Z","version":"1.1","folders":[],"requests":[{"_id":"3567bd6f-655b-4ff6-815e-f7029b13072e","colId":"0094f594-ac37-4947-90c8-aa91d47be2a9","containerId":"","name":"GET /libros","url":"localhost:8080/libros","method":"GET","sortNum":10000,"created":"2022-10-31T19:09:03.893Z","modified":"2022-10-31T19:09:03.893Z","headers":[]},{"_id":"d5afd625-e7eb-43c6-b726-b8df6779bec0","colId":"0094f594-ac37-4947-90c8-aa91d47be2a9","containerId":"","name":"GET /autors","url":"localhost:8080/autors","method":"GET","sortNum":15000,"created":"2022-10-31T19:18:27.555Z","modified":"2022-10-31T19:18:41.738Z","headers":[],"params":[],"tests":[]},{"_id":"8822d5a9-0e40-4cb0-a41e-6aac03838186","colId":"0094f594-ac37-4947-90c8-aa91d47be2a9","containerId":"","name":"GET /libros/:id","url":"localhost:8080/libros/5a56a4d5b405560371f26c8f","method":"GET","sortNum":20000,"created":"2022-10-31T19:09:03.894Z","modified":"2022-10-31T19:09:03.894Z","headers":[]},{"_id":"e48771a4-6433-44d0-9902-39c219f665b4","colId":"0094f594-ac37-4947-90c8-aa91d47be2a9","containerId":"","name":"POST /libros","url":"localhost:8080/libros","method":"POST","sortNum":30000,"created":"2022-10-31T19:09:03.895Z","modified":"2022-10-31T19:10:59.210Z","headers":[{"name":"Content-Type","value":"application/json"}],"params":[],"body":{"type":"json","raw":"{\"titulo\":\"Cisnenegro\", \"editorial\": \"bookiit\", \"precio\":14.99, \"autor\":\"Nassim Taleb\"}","form":[]},"tests":[]},{"_id":"d5a21ef7-3a4f-418c-ac25-c759ff564468","colId":"0094f594-ac37-4947-90c8-aa91d47be2a9","containerId":"","name":"POST /autors","url":"localhost:8080/autors","method":"POST","sortNum":35000,"created":"2022-10-31T19:12:55.804Z","modified":"2022-10-31T19:30:04.495Z","headers":[{"name":"Content-Type","value":"application/json"}],"params":[],"body":{"type":"json","raw":"{\"nombre\": \"Nasim Taleb\", \"anyoNacimiento\": 1999}","form":[]},"tests":[]},{"_id":"7da4143e-dee9-4dd0-bcd7-d1ccc8279135","colId":"0094f594-ac37-4947-90c8-aa91d47be2a9","containerId":"","name":"PUT /libros/:id","url":"localhost:8080/libros/5aba2b89dbc31904c4856a0e","method":"PUT","sortNum":40000,"created":"2022-10-31T19:09:03.896Z","modified":"2022-10-31T19:11:05.450Z","headers":[{"name":"Content-Type","value":"application/json"}],"params":[],"body":{"type":"json","raw":"{\"titulo\":\"Antifragil\", \"editorial\": \"bookit\", \"precio\":24.99, \"autor\":\"Nassim Taleb\"}","form":[]},"tests":[]},{"_id":"5ffac0e0-fbaa-4c2c-b220-f4af2f664d92","colId":"0094f594-ac37-4947-90c8-aa91d47be2a9","containerId":"","name":"PUT /autors/:id","url":"localhost:8080/libros/5aba2b89dbc31904c4856a0e","method":"PUT","sortNum":45000,"created":"2022-10-31T19:15:39.583Z","modified":"2022-10-31T19:16:19.299Z","headers":[{"name":"Content-Type","value":"application/json"}],"params":[],"body":{"type":"json","raw":"{\"nombre\": \"Nassim Taleb\", \"anyoNacimiennto\": 1997}","form":[]},"tests":[]},{"_id":"72a4ba8c-239b-4fc7-ad43-262d4dfe4b99","colId":"0094f594-ac37-4947-90c8-aa91d47be2a9","containerId":"","name":"DELETE /libros/:id","url":"localhost:8080/libros/5aba2b89dbc31904c4856a0e","method":"DELETE","sortNum":50000,"created":"2022-10-31T19:09:03.897Z","modified":"2022-10-31T19:09:03.897Z","headers":[]}]}
