[{"id":"01","nombreJuego":"Far Cry 4","descripcionJuego":"Jason es capturado por una banda criminal en una isla abandonada. Tras conseguir escapar...","edadMinima":18,"numeroJugadores":1,"tipo":"Survival","precio":59.9},{"id":"02","nombreJuego":"Far Cry 5","descripcionJuego":"Manuel es capturado por una banda criminal en una isla abandonada. Tras conseguir escapar...","edadMinima":18,"numeroJugadores":1,"tipo":"Survival","precio":65.6},{"id":"03","nombreJuego":"Far Cry 3","descripcionJuego":"Paco es capturado por una banda criminal en una isla abandonada. Tras conseguir escapar...","edadMinima":18,"numeroJugadores":1,"tipo":"Survival","precio":30},{"id":"04","nombreJuego":"Animal Planet","descripcionJuego":"Crea tu propia mundo donde puedes ser pescador, panadero, crear tu propio jardin...","edadMinima":3,"numeroJugadores":1,"tipo":"Idle","precio":65.6},{"id":"05","nombreJuego":"It takes two","descripcionJuego":"El matrimoniio de Paco y Manola se esta derrumbando. Un dia aparecio un magico oso...","numeroJugadores":2,"tipo":"Rol","edadMinima":3,"precio":30},{"id":"06","nombreJuego":"Uncharted 4","descripcionJuego":"Drake ha vuelto de Zimbabwe. Pensaba retirarse ya cuando su viejo amigo Ronnie...","edadMinima":13,"numeroJugadores":1,"tipo":"Adventure","precio":55},{"id":"07","nombreJuego":"God of War: Odin","descripcionJuego":"Kratos lleva ocultado en el bosque ya varios años. Ha olvidado su vieja vida. Pero es visitado un dia por...","edadMinima":15,"numeroJugadores":1,"tipo":"Historia","precio":71},{"id":"08","nombreJuego":"Left 4 Dead","descripcionJuego":"Una enfermedad a cubrido la tierra. Solo tu y 3 amigos quedias sin estar infectados pero...","edadMinima":18,"numeroJugadores":4,"tipo":"Zombie","precio":65.6}]