{"client":"Thunder Client","collectionName":"PlayREST","dateExported":"2022-10-26T20:55:24.901Z","version":"1.1","folders":[],"requests":[{"_id":"55a77e46-3cce-4d3b-a600-2e99e01aae12","colId":"b70d9097-4d95-4ca3-8d8f-15e5911f0173","containerId":"","name":"GET/juegos","url":"localhost:8080/juegos","method":"GET","sortNum":10000,"created":"2022-10-26T17:05:31.952Z","modified":"2022-10-26T17:05:31.952Z","headers":[],"params":[],"tests":[]},{"_id":"d447bc18-7a80-4875-8555-37518da4e937","colId":"b70d9097-4d95-4ca3-8d8f-15e5911f0173","containerId":"","name":"GET?anyo&tipo","url":"localhost:8080/juegos?anyos=13&tipo=Survival","method":"GET","sortNum":20000,"created":"2022-10-26T17:07:10.360Z","modified":"2022-10-26T17:07:10.360Z","headers":[],"params":[{"name":"anyos","value":"13","isPath":false},{"name":"tipo","value":"Survival","isPath":false}],"tests":[]},{"_id":"dcc622d4-6510-44b0-921c-236707cff94a","colId":"b70d9097-4d95-4ca3-8d8f-15e5911f0173","containerId":"","name":"GET/juegos/3(No hay)","url":"/localhost:8080/juegos/3","method":"GET","sortNum":70000,"created":"2022-10-26T17:12:30.329Z","modified":"2022-10-26T17:12:30.329Z","headers":[],"params":[],"tests":[]},{"_id":"5182954e-efa9-44b7-846a-e829d4d47b22","colId":"b70d9097-4d95-4ca3-8d8f-15e5911f0173","containerId":"","name":"GET/juegos/07","url":"/localhost:8080/juegos/07","method":"GET","sortNum":80000,"created":"2022-10-26T17:13:28.672Z","modified":"2022-10-26T17:13:28.672Z","headers":[],"params":[],"tests":[]},{"_id":"64519620-c812-45e7-8790-2c7edd3bb1d3","colId":"b70d9097-4d95-4ca3-8d8f-15e5911f0173","containerId":"","name":"POST/juegos","url":"/localhost:8080/juegos","method":"POST","sortNum":90000,"created":"2022-10-26T17:15:46.638Z","modified":"2022-10-26T20:33:54.794Z","headers":[],"params":[],"body":{"type":"json","raw":"{\"id\": 1004, \"nombreJuego\": \"DragonBall - Super(videogame)\",\"descripcionJuego\": \"Goku y vegeta se incsriben al toorneo de...\",\"edadMinima\": 18,\"numeroJugadores\": 2,\"tipo\": \"Fighter\",\"precio\": 40.1}","form":[]},"tests":[]},{"_id":"a5f118c2-f60f-4d65-a721-0f0b63b70606","colId":"b70d9097-4d95-4ca3-8d8f-15e5911f0173","containerId":"","name":"PUT/juegos/07","url":"/localhost:8080/juegos/07","method":"PUT","sortNum":110000,"created":"2022-10-26T17:22:07.905Z","modified":"2022-10-26T20:51:15.830Z","headers":[],"params":[],"body":{"type":"json","raw":"{\n        \"nombreJuego\": \"God of War: Odin\",\n        \"descripcionJuego\": \"Kratos lleva ocultado en el bosque ya varios años. Ha olvidado su vieja vida. Pero es visitado un dia por...\",\n        \"edadMinima\": 15,\n        \"numeroJugadores\": 1,\n        \"tipo\": \"Historia\",\n        \"precio\": 71\n    }","form":[]},"tests":[]},{"_id":"1356186f-2096-48df-bc79-d50d5c6be54d","colId":"b70d9097-4d95-4ca3-8d8f-15e5911f0173","containerId":"","name":"PUT/juegos/34(error)","url":"/localhost:8080/juegos/34","method":"PUT","sortNum":120000,"created":"2022-10-26T20:51:18.166Z","modified":"2022-10-26T20:52:45.230Z","headers":[],"params":[],"body":{"type":"json","raw":"{\n        \"nombreJuego\": \"God of War: Odin\",\n        \"descripcionJuego\": \"Kratos lleva ocultado en el bosque ya varios años. Ha olvidado su vieja vida. Pero es visitado un dia por...\",\n        \"edadMinima\": 15,\n        \"numeroJugadores\": 1,\n        \"tipo\": \"Historia\",\n        \"precio\": 71\n    }","form":[]},"tests":[]},{"_id":"76b1b079-de6c-4400-aa26-32f9cc3abb91","colId":"b70d9097-4d95-4ca3-8d8f-15e5911f0173","containerId":"","name":"DELETE/juegos/1001","url":"/localhost:8080/juegos/1004","method":"DELETE","sortNum":130000,"created":"2022-10-26T17:28:58.748Z","modified":"2022-10-26T20:43:08.211Z","headers":[],"params":[],"tests":[]}]}
